x1,x2
-1.1270332564646501,-1.5062037749300516
-1.587826390114905,0.08919017022921742
-0.07129453667551054,-0.5683861374153344
1.1847046488357755,-1.292149183197524
0.23567321753302237,0.10380887970913316
2.2252266230479703,-0.7368845464695549
1.9941211781026988,1.7260931399565234
0.2384636124783898,-1.0502236361566242
0.4697163023146031,0.4811168875871065
-0.24130662783647083,-0.5535137862206368
1.1681651833925126,1.523931770251249
-0.49853995637991416,0.0016867281574031638
0.6035205614628607,-1.4364665519002944
0.7649616702487431,0.19848549670707738
0.7230304277744733,-1.4998234828738726
0.20077193584696193,0.26663691778601234
0.47589572206775754,0.7912475831600672
-0.4580769249101669,-1.5217572195578368
1.4693901106584562,1.2501538799587402
-0.6019085681867428,0.9442999576560209
-0.32827986756024763,0.8073229705565245
0.21754195032030893,0.33674217845858156
0.7246243657612323,0.18655196479650393
-0.2000730825329349,0.18260056662910734
-1.0070663121893173,1.2058516148829357
0.6315687055011843,-0.048068962235113845
-2.084287157973362,-0.43697957424999034
1.4618360857821957,1.5312152844158595
-0.6198394918705076,-0.004218980231110593
1.6754053849837207,-2.3117107240534858
1.3232132992335517,-2.78949483034475
0.3973129218920785,1.4947605324901936
1.8929541686455442,0.852307126628753
-0.5415688253731904,0.17156259354542508
-0.9708061625272917,-0.5355818257868802
-0.6839273294383565,1.1975454291771253
-1.6565241728851872,-0.5763376990949736
0.15678315812976368,1.8838387202934919
1.450403183244462,2.2087141018777436
0.8786766060996091,2.1853656556062058
-1.3541114963447296,0.3090604752504068
1.323983977117193,1.7110444619583132
0.5786089740180415,-0.6233607600585779
0.9401774885185561,-0.9990998786084831
-0.9566209654718809,-0.024609172896020694
0.26309595533416924,0.7327758707464658
-0.3498677824222833,0.9069856345985773
0.05108849751961413,-0.02830327904613435
0.18875152015416,0.4848979975167166
-0.7274166399588796,-0.23230781299728578
-0.6681710552755589,-0.7153221734882337
0.44267522017254546,0.3721399745983107
-2.170795511885089,1.1961292948827467
0.041147019402059934,0.1044347866622784
1.3484827672640376,1.4316498491031524
-0.6044386661282772,-0.7571235920197731
0.9186217831236319,1.0634985953375238
0.30187059055416654,-0.2969142968473395
-0.8539889474141217,-0.9842765428845867
2.0110046786296016,-0.09493093823899795
-0.15087514915842104,1.4896251591300558
1.4210606220816262,1.059301161884723
0.3956697353149879,-0.01854577003249281
-0.4944374358451461,1.8967134181167307
-0.201199910769756,0.05230065912976105
0.18305879157873947,-1.536810985960063
-0.8325324740312945,0.07382842135374965
-0.18040310038300933,0.5017996742604249
-1.140856172299142,0.0027946534683476513
-0.9323755780832478,-0.07676440490717361
0.009849135802626221,-0.6794674757232088
-0.1462067109086492,0.9421153696737907
0.8243508458855509,0.45407820027499796
0.1344092456842452,-1.4706936885480972
0.38948403014154076,-0.10153847979681115
-1.2505379157202456,0.5222899068423204
2.1886889132190968,-0.10248258929519914
1.7875714387938162,1.4608111637115413
0.42149778532153515,-1.535781670548027
-0.8014513126846851,-0.4517354542549903
-0.016269512381311968,-3.0930847911888706
0.852011550355328,0.2323244080599524
-0.7290833071927318,0.7648362530239208
-0.7235522051474403,-1.6994041381061362
0.07903072648486671,-0.2567998026012315
1.1328649357411398,1.1152039042009543
0.21340456588828416,-0.889806802779312
-0.5154567912625455,-0.2324307946462912
-1.175676558759688,-0.21744800470750342
-1.6063941021424017,0.1883584023841794
0.28429747065746797,0.268940619449045
-2.1475272209478313,-0.4767841214151057
1.3474101304547368,1.43095253074029
-0.5127479546398372,-1.0921464342323897
-1.76917458610353,1.1016929448488268
-1.1965528379398886,-0.6873342047338757
0.7457985197346554,1.4042537074470538
1.1084644455335235,-0.5936771091460565
0.8954407530000968,-0.7214708707092077
1.6271500313606801,0.044138492663155005
1.6480892692144538,1.6101599518422718
-0.9783306667198154,0.8090836908665183
-0.9812315644492976,-0.05762670502824178
0.7908685167099286,-0.10288330393513347
1.9345957174592063,1.329721177266915
-0.4940276783783175,-0.5364845338721105
0.036588990924884046,0.43097325247149254
1.0357197255893658,-1.9855066232573115
-0.22381664358932912,0.649938861989388
-1.2110697588888788,-1.3232730911515318
-1.3951436619417388,-0.09923528288534134
-0.07043427328042161,-1.8218031369635836
-0.08282058011884727,-0.803192478910399
0.9023564886440418,-0.8996770483510677
0.9768082492478839,-0.17848567816205427
0.6321310771589878,0.21258997904357244
1.192866069012277,-0.08900406514330708
-0.6024218994114154,-0.5561538293327243
0.1428102177851234,-1.6404239265340212
-0.06255071762246357,-0.43564583446394356
-0.9691609730275768,-0.7339004669193137
1.0836201316375964,0.0340509194382292
0.1231032133341011,-1.2277279349573404
-0.4628214671643576,0.38402137326811003
-0.2195481798733853,1.1209647572576757
0.12412415620078905,-1.0944873327005145
-0.2641349414090804,-1.4181516584390743
-0.3242650973784482,-0.09164342053550235
0.7885421084285174,2.012669728246599
-1.2998516200706232,-1.2084788846084082
-0.8387082168582716,0.3390320705728077
1.475378818397468,-1.6767409209210966
1.2548219663848477,0.8841304587991212
1.068761766337162,-0.3328884214997829
1.34176216848069,-0.10291010320132378
-1.8809830659497702,-0.8484852104443664
0.5172006987452547,0.4784560542643449
-2.446323712246664,0.6473868313055224
0.9771742378676442,-0.6741337001392753
0.20521404779589703,1.4909166636245361
0.1948487966744654,0.5982961456287493
0.14714541516178511,0.520852950509994
1.9714102535190765,1.3526526958702807
1.402813658657531,1.3724979887355646
0.5941586545384313,-0.4948077325814493
0.7085811253559229,-0.554298588210463
-0.2895874241974268,1.7932870786925674
-0.40079251781409736,0.10951733670418849
1.638108685035318,1.5345935120469707
-1.2656066451467565,-1.783053850733655
-0.3469649094194568,0.12586517754161464
-0.7160489709671157,1.1454722592039037
-0.35017429415338347,-0.09371380467671762
-0.23415908877612854,0.5066347288026333
-0.1705101399687128,0.37707548813139485
0.6797989687865881,0.6764288984263198
0.3255696226853783,0.763715024120893
1.2892918874108967,-0.23093932005047535
1.050679917698501,-0.8862555837342038
0.9662682357153708,0.030076693377861733
0.10389982763102076,-1.3969559561218095
-2.514231407290007,0.5449371862717419
-0.9857390573069056,1.3348462195595923
-0.32203873620826795,0.42322402094501543
1.26553449296021,-1.2266904531011515
-0.19570761458636546,0.7282061141387147
1.8946811880881573,-0.8506355969478205
1.22636645106585,0.7364732435264467
0.6412558017862249,-0.8363441159355874
-1.1164526846955638,1.0303731192485786
-0.3238217291117293,0.9106268619091674
-0.6712820960494704,0.2767306754703574
0.6291171770811113,-0.9543434504444329
0.024865362699972478,-1.2832141339711085
-0.0910032696179456,0.2269644336531465
1.0779341839778325,-0.5931837151169622
0.5003569487421825,-0.019194406783322366
1.2294800361113056,1.4406877405917966
1.0788962246118912,-1.2658703154789368
0.2793312351418532,-0.03724595539742317
3.1284963952591287,-2.2394213695680087
-1.8618036921723295,-0.09708251610918273
-0.8957045244773422,1.6503393851794788
1.8480145114030933,1.759169208457012
-1.25426815271255,0.4814214179230303
-1.124635117983597,-0.8388347891938294
1.3724968462372962,1.3921917551028518
0.46572256681248153,-0.7954654604879112
-0.6222056838914638,-1.6570410031177731
-0.727848946768411,1.2222853996191831
0.6480794684694617,0.30516386031848586
0.8074842469394123,0.08869258907049957
1.684731250036232,1.2812980581692328
-1.2291085175822005,1.6871714740944694
-0.8106494416252507,-0.26073611981440853
1.1254951702794556,1.1302120857349682
1.3906797424889474,1.2489786573756652
0.6707796215505608,0.3090530103823236
0.554081947602676,0.9653317525591635
-0.012879558964499304,-0.5999531241723219
0.68069114270034,-1.440460480771262
-0.766600689983159,0.9534919577946659
-0.21369523973549023,0.9255360634675949
-0.16845827677414063,-1.4259065283009638
-1.068904648288887,-1.7504315050825654
0.3228207221157289,-2.117601922221349
-0.27065785083402083,-0.060563697869954344
-0.9146834854353881,-0.09636191760354015
-0.3461197403767443,-1.0910541429421812
-0.46974814551178373,1.598670361305364
-0.6149008007580212,1.5391328418984749
1.7562034422323693,-0.1117575605228776
1.2508444239802294,1.8006757710449421
0.7496336567038626,-2.113320845563357
1.2216114216790739,1.8446852531127265
2.2816179545481967,-0.18982434732937722
-1.0851340740392592,-0.1281943084485446
-1.9479072657960965,1.6141460664068439
-0.00046333337313241653,0.7561129960323107
-0.42617540186931474,1.8727959985270017
0.2693831576027532,-2.378439833657476
1.2446185439474642,1.2152893463643817
-0.5621576864296319,-0.6287452036248158
-0.6569134062491532,0.4283422717795861
0.675220165724455,-0.21484958544458926
0.13293072741694584,-1.0730194414267933
-0.6132284698024472,-1.5114464558288578
-0.1588486648605416,-0.46819940384173436
0.4661681094230854,0.20765762232386187
-0.15321640912369155,0.8950268466900714
0.2899837005751873,1.190209877627906
1.1436569490547257,0.6917774179592256
0.9656505046426378,0.9294654683307572
0.056202847777139825,0.6708856795657677
1.6189431900408329,1.2721577118707064
-1.0244935678913514,0.8623646059060948
1.0818765910656534,-0.32228125057319007
-0.025070368531490615,-0.624152170919825
-0.4231311478539238,-0.1239452119516354
0.4309463262788318,-1.7178481822816
-1.2943556271954726,0.04331925258451038
1.042350904750218,0.987403643043474
-0.1667988352397038,0.6073569776601275
0.020987420616611414,-1.2424706639534222
1.2686028210475313,1.2922085637593814
-0.3974674637238361,0.48416316598187564
0.9766213904943951,-1.3758216780275767
0.6891180279934995,-0.2461037292491246
2.2411007505602116,-0.9595753106928222
1.6563916981941724,-0.6037397720290721
-0.5497536068955763,-0.7037696718898239
-0.8092671349518051,0.8569486946051834
-0.20307799540915594,-0.8710784101485423
0.8587396173309899,-1.1507143867323366
-0.6302128500803201,0.595415820710589
-0.17738972044270737,0.02646625852633439
0.39625585457769263,-1.732077930662433
-1.0808906943942194,1.2251851528878444
0.6129320207041067,-0.37550799444251165
-0.1751431536396575,1.5843769562484171
0.7602567611709234,-0.13851542777985612
0.6071857725328579,0.19442164124574607
0.886290084267512,0.09658162779651021
-0.6175965314188158,0.7053391761270091
-0.46659570400843203,1.1614244394724036
-0.47576614883883406,0.4811910746838729
-0.6039548593227897,0.11742046766861768
-0.8942652184215377,-0.38127310634490014
-1.172279339967865,-0.40206279291320185
-1.2545406128000745,-0.20707530480828007
1.0006461620963683,1.1587973181255213
-1.188023526636161,-0.495999062041548
-0.18681107772769986,-1.26595072421495
1.0863343302824808,0.33795003407789037
1.2006308818615543,1.2980706189370559
1.3134271330393172,1.4200756975383448
-0.0676482904886927,1.050191876566274
-0.8102368408499533,1.4036768429163908
1.1890278842028437,1.189860639951953
-0.11804177442977738,0.27595678797937845
-1.1291730970867284,-1.1796146848574216
1.4229501882707387,0.382300719940793
-0.766462590739712,-1.2553710601080712
-0.7556437731698391,1.3581533418650018
-1.1567220449937028,1.734009803215938
-0.10147320707208099,1.0473986209247885
0.32223869969049135,0.6100595995687138
-0.8239589388679155,1.5437520658591988
1.6154668749421472,1.3819293013133884
1.0633077106539257,1.3960694925113033
2.1980254146259686,2.0652213016944243
2.198507157774189,0.8073940348159472
-0.6912196277281263,-0.22205582540940225
-0.3360339205463796,-0.09172842836890475
1.6505582557593752,1.4910664212446623
1.2247431665277038,-0.4917505487186058
0.9346471772721563,-1.67242089031418
0.43162599511702343,0.21566962640773638
0.9182235361374669,-0.21598292140933795
0.5837590788937088,0.5435818203932716
-2.83842379655799,0.17279120469972653
1.0199111653703616,2.210593164915473
-0.03508574672840545,0.329251754301988
0.9290448395354274,0.1777335548025498
-0.007458289526499685,0.27158881075793856
-0.7956959977267902,-0.46176225143059474
1.834310870388948,-0.46903199067791657
-1.1793727788866122,-0.7381800783018989
0.5791545853519053,-0.8287028667439253
0.2456634617394335,-0.548073771327214
0.2764265644874747,0.9398615333354607
-0.9445661751551141,-0.008927286411435892
-1.7601240165702512,0.6541751284562414
-1.630606957386806,-0.5921383918559533
0.414435647856443,-0.38764794548408804
1.8091873905595883,-0.7940375061241035
0.0912645182127798,-1.057579933764699
-1.2146728536600166,-1.346568557942254
1.7678947104796807,1.0227423881548132
2.2633161141444416,0.3294103846362122
1.4237055468840834,-1.9185222051929056
0.6774602163663559,-0.34717716654240255
1.3075958142473172,1.6341683497500992
0.20261334383663596,-0.35044278282566366
-0.26683331077741107,-0.0030105133487590124
-0.12090859940945758,-1.3088821963318147
-0.8943037931266268,1.0165650369420987
-0.016824811288656923,0.5434126982333475
0.0936689112463623,1.0584586174890076
0.5819123098148008,1.3595290623718428
-1.1028143001613602,-0.5818064769898372
-0.0720477910575583,-0.3370686266388142
2.0547486413890295,-0.7256122988668359
-0.8741063515128378,1.0261185795884806
1.1006282835617915,1.8575336820001593
1.009678146583326,-1.3868414320070475
-0.6632358383067224,0.40001807699757336
-0.9928322716179977,-0.5746883113225065
0.15223149857376084,-1.407849853573822
1.4970567267046173,-1.0844625279004043
-0.33608835256157216,0.8008717095624803
-0.16794831011711303,0.3329948696021332
0.12407667926871625,-0.39914101259415974
1.3903192386790737,0.09929018988942115
-2.1120844116813893,-0.9660228033314173
1.5503873766614436,1.4871874282546118
-1.0505794415866174,0.03498180727621949
-1.1984581023006782,-1.0238225204323725
-1.3432586339771109,0.26825250707596043
1.1880376002241384,0.2801462292135014
-1.5955644292119067,-0.9972886097006328
2.101722315805061,0.9579300753999748
1.1467630265612627,-1.1547315764367425
0.17736220908771377,-1.8451153208069317
-0.29436610894077814,-0.8232426759692962
0.40014489389143787,-0.73391511089376
0.6216579879204615,1.0200407027513179
2.0496700866878292,0.44873829036293145
-1.0177745209184428,0.4409930714163245
-0.32237290236855115,0.5462400531703597
-1.618193848169136,2.1617240940265616
0.01869960767280787,1.2856816507592488
-0.8150727348581137,-0.6531029236607525
0.6953379753934298,0.3401704462424269
-0.31185262399801417,-0.10600630745810799
1.145786758493991,0.5335975037569507
-0.37238896983006925,-0.40221860922661806
1.721854850551078,1.274100155576552
-0.43637192798959523,-0.25241815811522506
-0.8120409216649349,0.36293301120886673
-0.06526576075201948,1.0401538545559996
1.1665880977341023,-1.9407183966617059
-1.492190350435842,-0.19114048639203998
0.41585194598231556,-0.011711113133590837
0.9239152287557727,0.9260473247095451
1.031335749780263,-0.6441959748572212
0.6516112456410452,1.5251389355424916
1.6199679594368577,1.514443557492962
1.1135864274687528,-0.16930064295387437
-0.22833918883597312,0.06188244899516671
1.059888657075547,0.7738712718038839
1.4019801185127145,-0.07756223241800822
-2.5733114967435875,0.47359872347397525
-1.6460933003213059,2.0238501293754165
1.5630642313077932,1.431986966005734
-0.13512392795950998,0.8863420917451984
0.5029615575201946,0.6313334280980124
1.7175586072116127,0.05366091701293078
0.9583818266210339,0.06907825375697925
1.2048500311581585,0.9669658478876004
-2.457028335472636,-0.4082629425010849
-0.9513347437763648,0.18792051127261608
1.3391035948350212,1.2488301168178466
1.3545164822568907,1.2949623196337061
1.7073083416207493,0.4974477388615066
0.4017738881746657,-0.6936268066618841
-1.0888080048123152,1.3868403631612491
-0.5016490813387283,0.5476578889563798
1.3222253712549996,0.3708379776964103
0.9977070104612915,0.6189562630017359
1.4346753277569728,-0.0542735869468905
1.050413597154298,-0.6800183077089099
0.3800301240032162,-0.6361949191301015
-1.2770303437504826,0.08801694160425053
1.591718517200384,1.4254781821431872
-0.5982590350359621,0.5881525532800561
1.0617084125218388,-0.8849593392889001
0.04416431303339057,0.19213557574514625
1.0659126415983122,-2.114493370021579
-0.7298151901318171,-0.46650691971198305
-1.448691414562634,-0.04926760672665468
2.32663580672769,-1.6501134051621897
0.8346050369204311,-0.08409964776877167
0.5877010680499896,1.1873282700007324
-0.936244487499092,-0.4281812961485223
0.7909253259234627,-0.03203151548458019
0.27371349037257026,0.8055344163145104
-0.5997232017598373,0.6143180847418952
1.1508584783800366,0.35536586903432255
-0.2547604164837252,-1.3200810077873895
-0.3588131209154714,0.12935133086187622
1.5247421722959824,1.2739511740568457
-1.3726580379593207,-0.8655399785009263
0.2855144247680853,-1.4189128822283306
-0.6897809244082563,-1.1383239457075927
-0.05926070959237597,2.1700314488206236
-0.06390717791247132,0.16212193249363058
-1.4709725586903895,0.2385046799821677
-0.17899401306807122,-0.35424260130724095
0.4444874492365615,-1.0635156824572862
0.40562204177796696,0.19736533336335785
-0.6891558279936171,-0.19216248502289013
0.7155538947445221,-0.6082432127369558
1.0548836533488322,1.8501152717366778
0.15926377030789757,-2.4562343560505653
0.08273665564802743,-0.6046350873530987
0.2565194835611851,-2.2404871813785485
1.587718723384933,1.1962189512521122
-0.05145425076671101,-0.3340292822965176
-0.08989123978972492,0.19514739824982608
-0.12029557960058937,1.0173286198715026
1.222698259253275,0.15610804465961872
-0.19478390523600778,0.05383355929860361
-0.05141983224337852,0.824211775193712
1.5766504440454057,1.678833705462368
0.4145949897715863,-0.3596779149520463
0.07927242153478481,-0.7700421708812583
-0.36474481929443525,-1.0437585572077919
0.9606704340165866,1.194147630561658
-1.5970172756094947,1.9090667996426471
0.6232313007690281,-1.2222485996089767
0.9249963449179464,-0.2976061378154937
-0.0034066272476803556,0.4158678267951508
0.7285540473179453,-0.6038323386311925
-1.6748398216486464,0.21991944307398842
-2.1970286302600854,1.3679732391792647
-0.22440807637561203,0.4878245854960884
1.2498003842995749,0.25113503325140674
0.6487282794674094,-0.6056884857648923
0.6753947364972113,0.42463838315892566
0.024813356863743512,-0.3163175459246869
-0.3593072412679954,-0.8965656408991773
1.4018202027958966,-0.6493620716311918
-0.24722450451457112,0.23741567206913916
-1.1423672031837107,0.6441672213855759
0.38304488462780545,-0.5890991852532748
0.5303724866053402,0.695189599681934
-0.056634672526805034,0.8929478801467602
1.606838244794405,1.486879614152988
0.3037103204762297,0.31873007316949864
0.03367158387238798,0.15685463179478484
-0.0012616693573245976,-0.1359911517038679
1.0513128076869105,-0.26517714441398066
1.3707259316576912,0.0027710085549525663
-0.7773044277652246,-1.6751582449407847
1.9009483246080585,1.6907626182030808
1.4378113939904722,1.0462169752460804
1.671769367156628,-0.22011387799739893
0.49226232248476776,-1.7207329247145873
-1.0893313705104974,-1.355007899471979
-0.6370482385651569,0.947928296193258
1.39189469392923,0.7522185556405541
1.002431294562706,-1.6827798561419554
-2.5415629958975194,-0.420530456745346
-0.9636475965195391,-1.78457044821831
2.2729010456360874,-0.024763875088136253
1.6670519210366699,0.925995466353377
0.3899683600849311,-0.2562893710196478
1.5632342868201923,1.6795916309290708
0.7273096467712739,0.7682955951049705
1.1820254270151558,-0.04785627513542392
-1.554133893738356,0.49078863458852146
1.466196854391831,1.3252403573321279
1.9740842284154714,-0.964649381294397
-0.23606172252106605,1.571402882551344
0.711689945285377,0.32666631761625414
-1.9761652952756648,0.2797446349943002
-1.5914985031830697,-0.8501788270585838
0.16880497225599392,0.5284573759093802
-1.755308129219544,-0.5692201518386147
1.3539033389335413,-1.6941991417932853
0.2881856535264152,-0.9643498218529887
-1.9764834532309692,-1.6153411848026742
-0.297619619070156,1.051139252945082
-1.308864482279975,0.7711441084346954
-0.21641356246203267,-0.0428196626327179
1.7109335735490903,0.9104297246203307
1.4319178979921345,1.4039969836404234
1.5743652334755256,-0.28672596208840573
-1.6862908770108584,-0.2736133233937266
1.9144998864803575,0.2665916307766167
-0.4320179901333725,-0.1162094773665013
1.4699264772129985,1.2597548226192568
-1.3213344000802458,-0.5141930505939026
0.08209110975210818,-1.208312879240451
-0.3100883924100397,0.6610733500011
-0.4668300130100414,-1.5543438462439274
-2.0440078458372515,1.241937407915932
1.9393591395127445,0.9798676986776533
0.9248000347868692,-2.460033307103676
-0.16458637680391727,-0.24299292250047627
-1.1655024428256884,0.8559401201217017
1.3485331261456759,-0.4815718436739773
-1.3603785017765926,-0.34379920842731376
-0.4509597577690389,1.6070631890643308
0.3272521413485623,-0.3261421762096211
0.1421653539258932,1.8286301231131676
0.8207743149261966,1.532434263877111
-0.7991570659165866,0.36768569945825397
0.30469985588684967,1.1619556891671134
-0.31302403193254574,-0.48677051723542636
0.8162323664646208,0.14387329647289143
-0.5750982267763306,0.3004645411004229
2.9946813783648674,-1.4115017084839996
1.232811990829756,1.740143755223861
0.6852742693938152,-1.145799933430107
1.227817831672713,0.09476409613472292
-0.4968553851814559,0.7051401276888442
-1.6599072580845304,-1.4850758296120365
0.8966747436404118,-0.43948483476993055
1.7465289110685536,-0.3308877197428115
-0.147396212376472,-0.5831337476667815
-0.5060523434757525,0.7877693571154745
0.09835787463194984,-2.041185909280191
-1.4273722806463693,0.7111469909116289
0.5594025061208538,-0.21857991481660466
-0.5689387911268268,-0.013002252441898461
-0.8692460592362694,-0.5424601815417243
-1.23373598310297,-0.9322399200194095
1.8728164816686839,-2.2285663089013914
1.762518694513295,1.1187390454034305
2.7683654980652466,0.3157140212800231
1.4175110274102596,1.305375283532798
1.9403775965052992,-0.17688149504666403
-0.36273594740400456,1.612567882705363
1.5507733486825628,1.977863340192644
-0.033386154676478104,-0.273948707381684
-0.13236230764484933,-1.4545244754939481
-1.0060854302151119,-1.3386378323042871
1.169716698805868,1.1571133534668279
0.2816559559723924,-0.14152235569649277
-0.45401939101915817,0.6485579156039054
-0.8886126144498665,0.18332023409637085
0.9695501566826559,-0.42153738604257934
-0.21056149419137454,-0.2752190919487464
0.1459211364492473,1.5279888556825347
-0.0581674044553725,-0.46103425343320015
0.544781750661572,-1.4228904750164777
-0.6454578170356853,-0.22487268468982907
-1.7484678712306645,1.5533620354683937
0.40329038269327094,0.8322275106500847
1.093619893708421,0.2663637204725233
0.9926258316100975,1.373379246116705
-1.2134994938460801,0.28818733225402565
-0.7223868921966697,-0.14043398589856568
-1.4775567153709026,-2.0453620633591414
0.18359899791825132,0.44449634764141127
1.7654568522127414,1.416154627275766
0.3001378530688769,-0.7891385193816282
-0.8085476915590878,1.9114409727762822
0.1916302204938295,0.5315503555195735
-0.975924011148723,-0.06940063204445837
-1.1441169602897185,0.6368562867894332
-1.007441437891493,1.0520435456191723
-0.7686647960479682,-0.3643348739958185
-0.022898080260356554,0.8913052386257868
0.3197370973705043,1.0336116991161728
-1.1810790145194352,0.5144762523227121
-1.386346054223251,0.008436777545826757
0.5443645456068034,0.6281145623120689
-0.6725130805256689,1.300606490286432
0.24683458939744826,-0.14828180666567056
1.4888544144665525,-1.1573229258730091
1.483740043301448,0.6593987841190008
1.6499206040880732,1.6780651880248745
1.5984094036693735,1.577513211553176
-0.13852913171832035,1.2584598268860805
1.459879674361909,-0.27307732366101345
1.1186065081539536,-0.01446939532955281
0.06173835953708528,-0.2913780656403636
0.7263049934435815,0.0079334185474513
-1.1447245598125695,1.564401183791213
0.550736603858622,-1.1371426681229055
-0.6367210128654225,0.9859496070760748
1.0941141037030024,0.3915977046551822
-0.010406644849014728,-1.7431518307504335
1.0573837165926192,-0.5916130611968797
1.2728209636349057,1.494579051832218
-1.1759089006111085,0.1702581482232386
0.33259478516973356,1.492561411051932
-0.018459357720753203,-0.432120288768836
0.7122199522598041,-0.8796410074488888
-1.0300188570537177,-0.3932001913119065
0.1310565976624658,1.0996816622839578
1.7613952237112236,0.8947407494547759
-0.05269885545261998,0.3183620962678075
-0.21965219256365787,0.8664716745716522
0.784659781341406,-1.254387476181993
-0.006236024781288112,0.14840738654223853
0.9702545487088732,1.4828600144913011
-1.0280419498363824,-1.5287791180150783
1.7910609771042494,1.0696268875464081
-0.14100841983287793,-1.2648908083908856
-1.8625401006610909,0.4046494568143134
-0.8777559916540875,1.2879594362856712
0.019278758781744038,-0.49352630991013513
-0.2587951567259303,0.7519601729152692
-1.122905922866201,0.21899045810154077
-0.41317679700495197,0.6636625428213063
0.21998157697196166,1.3886776811894932
1.1758263454854843,1.7724747849931246
-0.2817951933332286,-0.7569002758899208
-0.11326995704305946,-1.1577085433302163
0.45809006118242956,-0.7173068199819272
0.4939967464658591,0.11847116231460433
0.4892971408989163,1.6648450768296783
0.8310018718097661,-1.0936212473626796
-0.0675914864795189,0.8131932545141185
1.1311353607299703,-1.7336324166393933
-1.0267345134530768,-0.4043880810026366
-0.30361330572479794,1.1851532995245515
0.9103654646017901,-1.415159068090167
1.7399416363035316,1.8480926704146998
0.3799490694712048,-1.5593291019587472
-0.09639484554133693,0.8198598470439247
0.659626821300609,1.985129587948777
-2.1939962869221743,-1.654473708764624
-0.7743513329903587,0.6049626779127218
-0.006654866105906401,-0.929877490267975
-0.5590513815366343,1.3021884004832058
-1.6925830564919624,0.6582098527013367
1.082590962320495,0.9525551509404928
-0.8519257548953895,0.9497012512683939
-0.5722184889402545,0.7783722022643176
1.5557535212929567,0.41173604732159164
-0.8143465464546688,-0.340850497984888
0.0614480335177405,0.9956026672534966
-1.4051888809579414,1.7218285983883517
2.5961142695157475,-0.433064691154818
0.7247647479363364,0.10751991158709474
-0.7778903593488294,0.09087735110592875
0.12707615832911645,1.0575405004989553
-0.6764890919305939,-1.1856114994032734
0.7158752458949504,-0.30225510638414094
-0.39951530123550566,-0.8631313938614472
-1.1875316823270003,0.15176719418849252
-0.13352308959089648,0.34963857799703296
-0.24088055054065516,0.5203956511885423
-0.9653772513890403,-1.4475257683710507
-0.7288812916295844,0.20798772546891778
1.1881421535060601,-0.37550026483504995
-1.0718867481295624,1.3531591338302873
0.4658419879867979,0.2851413555896879
0.9633850508436328,-1.4432595533208943
-0.4015009920480816,0.9246492733448083
0.7054842821861436,-0.8779776606305401
1.5285484835704362,-1.3507289792002828
0.40515356774832145,-1.15985272516813
0.32923987953202966,0.730976133904173
-1.0438465682765516,0.1823112931498782
1.587407963583283,1.4049988434203489
0.4793837243338214,0.46314565767727733
-1.122191769543799,1.0528864351585034
0.014609816152444223,-0.6541956654328646
0.803749629942289,1.344605991509602
0.7294561831591113,-2.3303716111210693
0.6648245292785616,0.5448807897588689
0.6765443676161469,0.38584934691673256
0.574279237378085,-1.2407368541775354
0.49640031686918784,-0.7683728038458151
1.2041692337158787,0.3350478806518632
1.0969768407278964,0.8320622647371597
-0.33788365665689707,0.17469150887863447
-0.7259558253368273,-0.22417165357708307
1.5781046310725269,1.0522110158874907
0.7285859685572764,-0.6050940028138638
-0.1070751068889942,-0.9287394933665243
-0.22175381935402036,0.44417959919790284
0.8470680474840697,0.741116561983613
1.4242640145538528,0.3059265520241437
0.6005512922650508,1.1846243039996485
-1.976729743448694,-0.7674242207731425
1.2957742003455395,1.4809380412268565
0.08158762771904332,1.5718698816103442
-1.6699047905186202,-0.576608539791211
-0.44647723810568013,0.45560837587017683
1.9045959280561313,-1.432863632836379
1.126351564836825,1.566762049404279
-0.35372577936604355,-0.6214674417241904
-0.8667934617213918,1.206834374952075
1.7224425598886817,1.7629523143138104
-1.9906624122444672,0.01192759420527134
1.050879152323399,0.26563914460638965
0.2202203280024039,-0.5820209038649822
-0.23425815020496552,-0.20281260741348847
-1.2379383377791702,0.7910416281203063
0.8869123306233628,1.305714369834185
0.6702300547749038,-0.6173755429729227
-0.03827506005159339,-0.16768256078078037
-0.8068547717959902,1.1068882034373477
-0.5428274701579436,-1.000206817061213
0.32532052843882997,0.16282752004252565
-0.31450191184784115,0.25324519140227986
0.06777272230198471,0.8026099087727082
-1.1122209820180198,-0.19370015379219985
1.4060067802301155,0.42040094786211274
0.3479136568511434,0.321856509470337
-0.3844247705047298,-0.36350405265190017
-0.4531722079971725,-1.9134669359627068
-1.7203710829664056,0.3763733631665823
0.5733750346751141,0.8878395903050912
1.8258581147458226,1.4388159125363877
-1.2440166167517108,-0.4444854946186194
0.6460188467619247,0.5088863311969046
-1.315387030875721,-0.9002239801372925
1.730537180166525,1.9660241883028422
0.10010332779228888,1.007585391693342
1.629560433279163,0.47427951054087686
0.30640104136845203,-1.6896746408381493
0.6216929255615914,0.040047463354784825
1.5888974298635825,1.609168517695566
0.2534750182292615,-0.3668074612895469
-1.0719418219473886,0.17618271476276232
0.6705983444889209,-0.3943684251690049
-0.359532386378442,-0.4485755168530322
0.4567246096077494,-0.2657194186654499
-0.12580003366009004,-1.9806044702808177
0.274843236629535,0.3094593872428464
0.137700850135855,1.481587912992996
-0.3444896733812814,-0.22299226860401164
-0.6270735285888481,-0.716161025579885
1.461981178290967,1.6746722572704549
-0.16248302426052622,0.670048394677395
-0.4561427704739759,0.8952369503393636
0.5693854467645384,1.8041545828315777
-1.32567249380778,1.656201824827859
0.5886977975268493,1.7367618963604905
0.4595042968707806,-0.8789580949043981
2.0431388254342853,0.2641491457532718
1.2459411915530367,1.297502963659474
0.3552685029746713,-1.3539611598208874
-0.20636929319854388,0.5452483568312879
-0.5484846709961222,-0.5561407473324318
-0.8512276083084092,-1.0415636381124238
1.479621291983518,1.5043377054978655
-0.7247337427712459,-0.25253076238593897
-0.7963730573411958,0.7720585853779938
0.575693426008253,-0.9294859056598226
-1.6402349293526841,-0.22564796891226047
0.5653360652976926,0.361581401649823
1.5623807991494936,-0.27246423107215917
0.08440396597368459,-1.3442097486492135
-1.4927046892454086,0.26529876927970786
-0.17516282556895257,-0.9080953428602475
0.44568458618786666,0.3020548253717256
0.643923393245171,1.2242334091035025
1.2211264959702168,1.295326039569473
0.5966333619505447,-1.766023418105507
-1.0621308680334638,-1.3552549632109194
1.8265674795248636,-0.7376887465145445
-0.850284012495606,-1.3751692356968617
0.15779008942410525,-0.42594668775130123
1.2416364604722645,0.7257688059226363
0.2926447555419905,2.5175695168655277
0.6580721313221136,-0.6276785776497132
1.3319538277039613,0.9942671970275462
0.4317413688925831,-0.38949735399830715
-0.44472818758914623,0.5882563976795407
-0.48709713199230437,-0.9475914286509804
0.7910088284531284,1.400457664182073
-1.1532327793272128,0.017814058924919617
-0.09457798518682108,-0.21652763789438137
-0.03727670695784433,0.43293703865993244
-0.03927403572482863,0.06421256070069419
0.2710377398124837,1.2052330534615432
-0.4321390527984278,-0.692013071309122
0.12203440090177298,-0.14822321957427648
-0.5595036841880783,-0.9076251006523959
-0.6679395518582973,0.31890063409359204
0.46198252229297293,-1.4025636395974967
1.5119374521898135,0.8484980849434445
-0.13167691415409657,0.19256737965173917
-0.2619308394312708,2.290512389315259
-1.6138774786183079,0.5444949443527324
-1.1404494174859354,-0.6215548847368345
-1.0978358362098122,0.38569518052849844
-0.8432449771479984,-0.3968380055003377
-1.1955211322467991,-0.06018114989551323
0.39483348234732507,0.2862020137403471
1.3074295894569443,1.1665788884500201
1.6126862083603588,1.630384858517095
0.31593046581761386,0.7685820696182853
-0.7962447520365319,-0.046126496616557024
1.0712783552331584,0.27056725017403843
-2.5123146864840566,-0.8387545735836744
0.24984962099767763,0.4629387470949011
-0.3370076741173137,0.5508702527290383
1.18821673327513,0.3358748816593757
1.8486089188854975,1.047672271659579
-0.4812565834045919,0.4686888429212039
1.1002536951444117,-1.097563842643104
0.7464500042636205,1.8006648123597495
0.1957056519252901,-0.9762199961787665
-1.9624069965551323,-0.924556853348895
0.4053721083283522,0.4619343778492134
0.09536010421303322,0.2451196170941355
0.7751277680391938,-0.8192014800756268
1.2480557945390047,-0.07600609703614321
-1.7972425551943616,-0.7511210067466713
-0.07338328273976483,0.10495985070439262
0.5037324257780451,-0.6685105209281114
-0.2513185385653616,0.930756309082657
-0.14481903234506055,0.7633550114862907
1.7528412000081712,0.47092322026929456
1.1323932688414329,0.41400356341580663
0.2637412580513361,-0.417261905825526
0.6677010188434189,-0.5153431668575397
-0.8284245036157126,-0.25627500674632636
0.19297222167602837,0.20092961094136205
-1.1014889103273924,0.7050751319381866
1.7465817317964942,0.3529416490367983
-0.505337996985289,-1.423467164903185
-0.6664972873105514,-0.34135547105572694
-0.6327613260287798,0.08467311802118485
-0.3187580429636874,0.5449776105407518
0.5839403737905459,1.0089894320525863
-0.6572699691457204,-1.6723226995712472
-0.45617410377618556,1.0439064609894313
1.488519140867093,0.176326939813687
0.5112393262269307,1.155804135255428
0.8641991786723618,-0.08991651110315489
2.1445714517913803,-1.2132799746717853
-0.5264990079858275,-1.9560931302027944
1.0152064718427205,0.6763561406772464
0.5141215230565185,1.7918219594127025
1.127060389655475,-0.1615576184733884
1.8942410905019136,1.3032765918094777
0.41482062383363827,0.38914792881547616
-0.22882850701383142,0.21637302601702735
-0.13918313119773706,-0.5156777594854973
1.2030126892128068,0.5047925507624078
-0.2070239386916661,-0.16863287845922964
1.2362700744631865,1.3955537065258214
-0.8315002971728345,0.9020216952457452
-2.361016103921122,0.41609641481611404
0.9463788222881476,0.8149249293086908
0.03521695513315712,-0.0220780152463734
0.09400905845035117,-0.40220385293164024
-0.8796925933958286,0.2699942764543299
1.53430849160762,1.5687560778596452
-0.4813198174438438,0.32730295869794057
1.5569249701127226,-0.5332602777506321
0.27417550261669776,-1.0586218587959864
-1.564016778591222,0.8899736807574209
-2.0409983563360234,0.15644278296638828
0.629810813268835,0.10622352757641865
-1.311328935163721,0.2681908297457496
-1.6248419626559136,-0.562195348856379
1.6074817628768163,1.5828929857009961
0.6351495791599192,0.37387373138136454
-0.8675554030739859,-0.19049889450439317
0.1364033936201654,-1.1951602755545678
-0.39000045480496287,-0.881915379302524
0.7664372052272391,1.637309678600073
1.7320542490814306,-0.1850485843255128
0.6408004728815893,-0.07368592101535701
1.1213699295615396,1.445368639078606
1.5561387880044304,1.4977139501163852
-0.7831585195875568,0.40625779829708764
-0.4528868211108253,0.31037713611754864
-1.1173893052851063,0.1616025977449222
-0.6427390902362426,-0.9732452698401177
0.24686907007848694,-1.5497111987428833
-0.5229682966881193,-0.7659286432344528
-0.7470865483018517,0.47832702981795916
0.6160860081424859,-0.2870091045630398
-0.127972265864036,-0.6648726960084554
-0.2229300880576778,-0.047105209367052175
-0.23151267221391905,-0.38842030974820124
0.0965601540497086,-1.388983170221915
-0.5651934866717359,0.5711386087717212
1.2109014285204167,-0.5704732407732934
0.2773807581367851,0.7998579248790229
-0.7108510688220648,0.4337986979350655
1.4664828445297837,1.6272144267819422
-0.6057966291399918,-0.044718056927028835
1.0050822806369097,0.4492620271034583
-1.2384507312629416,-0.8857936592215829
0.361927381758538,1.0422958613211346
1.5123253188958112,0.24010862497352772
0.11709967676692018,0.6961090869180104
-0.010125354661618069,-0.8992754845370504
0.8517117053838754,-0.16827863216230712
-0.2677296439026223,1.196451405787826
-0.6538452898314558,1.8330802521303289
-1.5480871718863558,-0.9444496716296396
1.634505464895328,1.403779380665414
0.4959029375559404,1.5749007308433143
-1.3610882626014509,0.6885980991528347
-0.9382686383658679,-0.32936999389757066
-0.11626804366969518,0.06285393142802548
1.5511209932065524,0.5826934420454263
-0.39151789897562217,-1.3631072660885692
-0.11807737900914296,-0.543760723361575
-0.2070011817848044,0.30721099262394636
-1.6950980283791026,0.48850828260780527
0.7474626113884835,0.48781000142519226
-0.22110522388751863,0.3426348497345258
0.3650758808279067,0.9769424999823103
-0.58570724729239,-0.07260480259165628
-0.18325008141724053,1.3407909861722327
-1.1688472711005937,1.4724869614894684
-2.3736520893157853,-1.8074245964553635
0.44093368474824945,-0.3461411878516473
1.2818976383124423,0.3466980163054728
1.461465440159478,1.3739192146354284
0.4250651612124525,-2.1249737917751443
-1.084707694474216,-2.384159206400393
-1.780438301066075,-0.4622537051640418
-2.2815243067972784,-0.5340707978700655
-1.035626890066796,0.6268682839899367
1.9253729812292772,0.4195587513285102
1.4384195409314489,0.18720753617717056
-0.28234013805367764,0.05018807928399104
-0.7240574612710993,-1.5841314123123664
-0.3453170476807184,1.2997965236763844
-0.6693309600457055,-0.09969549198399277
-2.4535170893277845,-0.9441789529229316
-0.4589283523430105,-2.413237530926694
1.3779152886324293,-0.0479953846897658
0.9762225674701752,1.8656321044034085
-0.8724361372814442,0.651124639020682
-0.4829500961253698,-0.14963907353874373
-0.32674865612417286,0.3972560930503577
0.06999763058137126,0.5597338213766597
-0.5906737037924246,-0.2748477323111269
0.4150925693900711,0.36155588344580525
0.5553025674274749,-0.987397721068352
0.32125740141394776,-0.3022082960723309
-1.2958198514367008,1.7393258555190845
0.2518825945770818,-0.6871033168062212
0.6791615972731426,0.025756426234422293
0.48435189222510716,2.1699556557569077
-0.3510619952390382,-3.0238318446973715
0.4066079458592631,-1.8104607548558225
1.4679631037759762,1.0537420826899964
-0.5927280761414111,-0.927156362588492
-0.7298912378346644,-0.6702686786545169
-1.086824253202486,-0.48168114512997356
-1.0271575210610049,-0.9950436713077022
1.0845413824584982,-0.9773815637582354
0.6218562183956208,-0.935073910990013
-0.009833117950252225,-0.09210047952114837
1.1116104590935107,-0.2945909969109209
0.29820743261630367,-0.09639003678750513
-0.947677066827068,1.403111225927028
-0.5707422150586507,-1.3082514771644274
3.433699843525389,1.1287436541942102
-0.6847994407520409,-1.1845767786781454
0.579728282159326,0.41544090421568686
-0.2649977190997568,-1.1504184314814245
-0.30077886734950626,-1.2877616972894577
-0.6339853554865003,1.0977319531471614
-0.9587423232395014,-1.4919252045605693
-1.1716044459632229,-0.10450577745039874
1.210130700458742,1.175391892281386
1.4458722509310735,2.122786001443991
0.987712989276184,-1.5736269170616062
0.5452128831086972,-0.2071814662580706
0.3871132483896878,-1.5483709661642027
0.724205096438814,-0.6546894931450398
0.9406127758218199,0.15771506344294234
-0.350911215381161,-1.2297949717441041
0.1894559899949002,0.6801827847896015
-0.06681097052076161,-0.5716552623031467
-0.3440894878029115,0.11086817333752015
0.09921782649058723,-1.2344094371116512
0.039214889968275345,-0.8207140712326843
-0.8212184575258988,0.8417757330024574
1.6563565485459508,1.7971086104150245
-0.5316725597809524,-1.170452875732618
1.63950238571153,-1.3866227707112542
1.5737749876786031,1.615843723341221
0.3207046578199053,3.686051393729103
-0.7717345212530037,-0.5885167885286503
-1.1067265058552447,0.34022826218460067
-0.40288939240552657,0.6111730383526822
1.3617449569978521,1.4571031206656329
-1.54537627930452,-0.875058170117634
1.7447888012916621,1.6583290977022782
0.3008045353569088,-0.545631002974236
-0.42984188928045525,-0.4087850725670318
-0.007166903595810349,-1.2747079497991904
-0.07795569483977623,-1.6869030809496313
1.423832742688776,-0.4939929610759842
0.7658928214298117,2.1982654431494515
1.1103312932255403,1.1294384474660704
-1.0407695540490447,0.014565803588146626
1.2218174713558716,-0.41708483203732466
-1.254622098704912,0.7395683712948689
0.06548466180299685,-0.16261048569431746
1.2352106853607274,-0.3403488522171237
0.09339531780555548,1.3863507010019267
-0.5219189520251337,0.39118725468766363
0.36026038096346097,-0.3972603076914289
1.7430925303867508,-0.24124531949931458
-1.0316919606155053,-0.39183208186962765
-0.4052847550024668,0.3389234047963679
1.043651707497856,-0.3548081421357963
-0.062407557017034786,0.9936007997808178
1.1756083102340622,1.930757983302949
-0.9573840133437238,-0.3308304109713374
0.25665983596270325,-2.135146151397162
1.2952023065477924,0.9453781128097163
-0.5290137566309886,-0.1927818234751591
0.6609266512147038,0.6439660149008773
0.7871554089008038,-0.29539801274807687
0.3497826362815398,1.0565036109930341
-0.9710144039330754,1.1228023868594157
-1.0416931164126675,0.5189771674621283
-2.451581727867821,1.8075462696835145
-1.860401253665908,0.04412450735087579
1.4471958746480988,2.142349222215787
-0.05019991616882806,0.5116784950446175
0.5643393413462328,1.1626917911068404
-0.22347531322038278,0.9112833265053742
0.9633205134961735,0.5616115547677099
-1.3486829273128262,0.1365137517124544
-0.827985512550673,0.47515242047141715
0.6382137210039125,-0.8752829006261947
-0.551067594706728,0.8643033499211811
0.8932754493335618,-0.5436609613315858
0.3761631113151475,-0.6525509714101391
-1.447576029630006,0.8604378516106564
-1.866763209461426,-0.23167957723047414
1.273445340182402,-0.9588784156499472
-0.789162404829635,-0.5684350179610369
-1.2809638483446608,0.3195506779322458
-0.8423896315935074,-3.0016446659314266
1.759993425844511,-0.5822270850050836
-0.16471432703307312,0.03551681654306392
0.4197798131985281,-1.3167234588516967
-0.7188674810688928,0.10968774308662398
-0.010001031299146878,-0.6405306056272111
-1.1075079241823986,0.10116947637757076
0.16490375745713604,-0.11330382453154407
-0.9594945946358108,0.017987891416459983
1.2366284074087721,0.06170904294548702
-0.9652849961773234,0.7794289758417695
-0.5786390583891856,-0.4862500663775802
-0.06254228535918832,1.2863824496696166
0.8764325395185124,-0.1690980385569042
-0.2333041508742716,-0.2595312127879002
1.4524984225060165,1.0113126403757442
-0.21520663659958605,1.7491803365696885
0.45920448323876273,0.5318207444908902
-0.1297057226978317,0.8080144929314618
-2.4931466510506897,0.5508924519099296
1.2476527149890988,-0.2662205371404181
-0.5442552470933825,-0.6324964388807822
0.5812928278424401,-0.46727470422637024
0.6042983830264572,-2.2793825203488853
-0.703880232294627,1.1003149378142207
-2.409469168551033,1.64041044372665
0.48223985848352335,0.9191983155322702
0.5777485022544088,-0.5190572753490506
-0.19684778796214158,0.08714472763810581
0.6026499294147546,-0.324100277720016
1.551896069220949,-0.6306084217321466
-0.21969013983367436,-0.5188991510291834
-0.41472638300857206,-0.09789802551701587
-0.1315993513631933,-0.3473236314740729
1.332088077141083,-0.7064245562380725
-1.1558346214744861,-0.5062494112115178
0.5523233654599935,-1.0310233958191635
0.13984675137032673,-0.2370907454439067
-0.05015996844318128,1.076462002242094
1.784185311909349,-0.6196634828266401
-0.4546918755322302,-0.2650571654677692
-0.6186078239263876,-0.1697816594366113
0.6675299008362505,-0.010071704120932664
-0.5262896711499525,1.4831896196936698
-0.13042805980940853,-0.09772961065870267
-0.9017750658041467,-0.14041998036810815
-0.13571027357580734,-0.28991233039155284
0.32316350604945404,1.1933699467663053
0.9291871159323974,-0.49369369680301384
0.903102717703558,-0.9578703408297526
0.9101536842290575,1.3129692058607267
-0.2540958317570896,-0.7003093189608433
1.860564022138633,-1.7867607325664214
0.9047709942179377,-1.1194845673143738
0.18271467238499786,-0.02481926163908957
-0.7354447919529811,-1.5567331742276567
-0.6733161240792708,-0.23396046880627608
1.3154562428698935,2.2039880677393
2.428442730471243,-2.454325964281354
0.1366558259884388,0.20098870697161814
0.5242845080102129,-0.29175707180640165
0.7432058965542943,0.6181236339141578
0.4454271410653557,-0.9902562571535386
0.5647063669727408,0.49545706095311354
-0.19013713648969346,-1.031136633576418
-0.13945126167577382,-1.1880810169435259
0.1425504627980848,0.9004817736656289
-1.5367691051108896,0.15239525609452037
1.296751915846351,-0.7075718965381598
2.295671365067922,1.464370221848593
-0.5343958436231911,-0.691483954130864
0.5099741100244399,1.5639473728549518
-0.4101640027321601,-0.3667731528114729
-0.31285059283424316,1.282415724485942
-1.4617757436475751,-1.2623128149240634
-0.8877094570218806,0.7673057517265849
0.269719302407374,-0.7672167864404972
2.8350766496580744,0.8974554552137447
-0.26373776806170457,-0.655747315784626
-0.11672911594249655,-1.2738570095283466
1.5917944564542532,1.489042072816247
0.9067211075734122,-1.5809025911619479
1.6527704083333135,-1.8128869946982091
-0.4961421832360453,-1.7494204055469604
-0.21658710109738608,-0.3840263960873437
0.06240395619695012,0.40000801049627216
-0.8243215217456693,0.7881358337216449
0.2577934659066346,0.7199189031669896
0.423150952843354,0.5833219044685379
0.12817599766498705,0.8129340813180427
-0.9457428636900393,1.3675573935096925
-0.5139553680443988,0.9576163759211925
1.481808676400529,1.4695130784389019
-1.9403803415719765,0.20510648906823908
0.042707922992428954,0.7914154813342704
-0.08440739963468762,0.5953101010501557
-0.008809090454097893,-0.6768102035013243
-0.1818161737224732,-0.45748894266330037
-1.0229746711063752,-0.2587607890330965
0.5279036524275983,-0.998227110410181
0.13978279876217306,1.273367534619675
2.2872860567228246,-1.0708779405304634
1.4228978457419235,-0.3976209069546062
-0.13740292907366147,0.8329048788354816
0.06658758223803578,-0.10868865213879864
-0.5374175251729985,-0.6691274225257688
0.13608352468213397,-0.2638313916662621
0.2886883752726679,1.536429211753817
0.3832616428294178,-0.6328731251652878
-1.0003473796904812,0.6586754519122512
0.24683656045440083,-0.04534073471645586
-0.9392143316263424,-0.7893071829704928
1.237399224043089,0.42021676482636505
-1.0363220091539802,-0.9932383093147166
1.1153089434673418,1.4233217107064469
-1.4701429262586678,-1.2424240578813053
0.884487471138212,1.2455135726770634
-0.06435103578596976,-1.0202084018498196
1.6636223276857036,1.0964016642704464
0.010351979260366859,-0.790080311884359
-0.3234270719310711,-1.5358374809493025
1.1776628969503609,-0.28004128548725654
-2.249063500742223,-0.08872187260328228
2.3314241319405884,-0.49388961129735987
1.2993106145502866,-0.10244111788003957
-0.7874904239472652,1.201556664172202
-1.0885196037344789,-1.3757522731944727
0.672301457078762,0.246730190201696
-0.2780844830946555,-1.1758433304253904
-1.618611850041335,-0.2742552990591229
0.26764210771807434,-2.5335317270177455
0.585172956672986,0.34601676223549227
1.574999589258977,-0.31514842885306266
1.329204421772868,0.9484307915367629
-1.2251094945017347,-0.8662250651934927
0.3687702534506029,-0.38788505700169224
-1.1256944414100367,0.7280708937221297
-0.8851390142928905,-0.269463890010705
1.905198330853756,1.7792506864507298
1.8277754070915266,1.2140758063706647
1.7904898143185073,-0.963584202028328
-0.7230133315090533,1.243257793690727
-1.673371337416181,0.8949985661323699
-0.03215510562203084,-0.7660616053438893
0.5736171856221091,0.724488587232126
1.7796200392255876,1.4176831153701148
1.5836272653956855,1.0683826132815122
-1.0946225556433882,-0.17765977186395537
-0.8880569192600734,0.4391471094839378
0.6522779117052747,0.6588290071677647
-0.537585384423945,-1.6903448148443518
0.29075663730306656,-0.6435156063055986
-0.9360750231718094,-1.094429213500305
0.2307973786657831,0.6969842115874016
-1.2014431972492845,-0.08688815461722388
0.9475783054548083,0.7953069281773274
-2.5308669235749,-1.5894390764808322
-0.9172552051232219,-0.8864301264976406
0.46122108370169285,0.12101618114745656
0.22393302234742885,0.3297234754267767
1.2615771753252805,1.2923434289326354
1.6279586583742371,0.3868069187221266
-0.2744819605357669,0.4912151663172164
1.9382281552736647,1.5935528609046619
1.3208548428063323,1.7774879555162426
-0.10156584017327157,-0.5800595308712111
-1.4432765362354303,-1.3276486012458362
1.4775483466317543,1.7333163502739999
1.0161855338468881,1.295023559837234
0.04577901198016426,-0.834421420803101
-1.072625043435966,-1.1432762483269059
1.2715813453496627,-0.8946683381149519
1.3261483346031293,-0.8981339026435751
-0.8432800727420502,0.5400910448959146
-0.3544628330584606,-1.0477568842771317
1.2220185597133189,0.8907961830705102
1.1090287669163033,1.2925200973003534
-0.827900410272671,1.1459010955095394
0.43877551954774374,-0.2411836172153961
1.05819263474054,0.4898057220885615
0.4919270828014724,-1.0045867885577509
0.03943113897030486,-0.0536222125661919
0.78044243377948,1.5190031827028807
-0.2683314764949587,1.8795632582923552
-0.42575059496090395,1.651346532727459
1.6975977531118753,1.609695406320346
-1.2832290492678826,0.9037054866319207
0.4917696981607817,-2.6698418708388885
-0.024210603290909696,-0.7961482398575798
-0.6127383888882413,-0.7031493337746054
1.3596251789797797,0.26270036768202537
-0.5638307237027425,1.032985857367205
-1.4232974817418769,0.5214014828990619
1.7462036918701342,-1.173005746375996
-1.061683304537702,-1.1753843668933985
0.4684258099477119,-1.3855332697557323
-0.10673452050915061,-0.2525057749060434
0.006518414422661296,0.5935211244343128
0.7627542926010971,1.5452632270903677
0.40622276768048404,-0.9769658569666922
-2.004925326718094,-1.4490995603181
1.4052947064582049,0.2599872200426391
0.09302300386443019,0.23708389546702452
1.3862896638388744,-0.5856148816404079
0.8658031835447387,-0.6829447818883517
-0.586068325949935,-0.9875463525524739
0.9366351017884256,-1.3353123040286787
-0.8124639934550807,0.30260050791206833
0.8557068814592087,0.18473234159156424
-0.5282982349106708,-0.6991984027336444
-1.8577293138359237,-0.49410088405255137
0.6847231529834652,-0.7098241684295961
0.9502084243146616,-0.6033957732780535
0.09134292772087911,-0.47270277084577306
-0.8066778038881414,-0.8488824499312997
1.0749720757103427,0.09154085388611105
-1.1948994856315855,0.37196119105562436
0.34357846350329546,-0.12266934398955522
0.24617657522009434,0.3714678610872691
1.1466951223369874,-0.11293839780416422
0.25483053336694733,0.4294788812085474
-0.22335698438845156,-1.6400598124681092
0.1594214562696854,-0.4455172888701479
0.26631833228708246,-0.08354798958769821
0.48284683352381724,1.34961252777219
0.21208283137994707,-0.07789070483208126
-0.2149118615666899,-0.855744848613031
0.24572581541018226,-0.9407304299863963
0.42678312746728886,-0.7612731139167612
1.1280622677486316,0.31261482571110116
0.5362328993557637,1.0500860752368466
2.0457024811226594,1.262420644038429
-0.16684547895418345,0.20205968359217993
-1.8338345403587193,-1.0033889558420208
1.1695215635839504,0.007225235281481417
0.4426919638893865,-1.29278351736472
-1.2814894788746152,-1.0068510788127878
-0.6214182710767876,0.022374119314848992
-0.417307143778681,0.16704561439298474
1.8387610545309654,1.4087009567121205
1.4368875246860453,0.2757654043982538
1.257758229345645,-0.12866335182594613
1.4554283150175988,1.6042763165833562
-1.6239964824841433,0.5008783428293266
-0.4392695294155537,-0.14742232654873302
-1.301938332598749,0.09928479280270645
1.211268667872617,1.2344182963705845
0.4147528605623701,-0.3070056680938609
0.566009449098032,0.2391636058836162
1.6906565288187556,1.6898976903691338
-1.3775510714743173,0.279507549893953
0.7691804804240223,-0.47883674815488847
0.9890166966018712,-0.08890610588144018
1.1186453263349267,0.0881947056731398
0.7483844912144576,0.030053498105881548
0.06063039670640898,-1.1746606931312351
1.4644315752268815,-0.9603655472411714
0.6746772616438544,-0.16468171343592602
-0.11456837219794126,-1.0568508171333448
-0.5746156477273394,0.40795693568465674
-0.2302045016630378,0.3869293539724309
1.3368974079799036,1.4712335189463293
-1.2157240039111719,-1.9186598980759235
-0.01196965841164569,0.3510679422806992
1.2416184441712,0.8974072035582396
-0.40324067299966765,0.174771606060798
1.6743412745705135,-0.9196084126987585
-0.33388097447046744,0.7215322325559691
0.14984601359542246,0.1028603489901845
1.8651692453108455,0.12323088136909295
-2.314753854864025,0.4616959366814677
0.06799517970306036,-0.34645437146620106
-0.4714604667277395,0.34832226795436855
0.2810853786275006,1.0902111477053453
2.048152796501529,1.9850424038364332
0.4784383688719844,0.3806949122171515
1.7554024934837653,0.7302094689874943
1.3152858453857252,1.5303312846635149
-0.765535122438552,-0.8820085835443502
-0.6107995238673501,-0.43250556028904025
0.7024840941755327,0.4677723334855083
-1.9329734017407563,0.7989310656141678
-0.09099858326046041,-0.2878850344299767
2.569269611330163,-1.6252367621786188
0.3884881398676121,1.0149156868702296
1.1788204212238353,1.555082697611708
-0.29534806965788624,1.911038251083354
0.0871984317308314,-2.8692565881633305
-0.6434834292105706,-1.9108510142201833
1.5127042935530437,1.282878477173663
-1.4639250110021849,1.322692619205232
-0.21596005302036114,0.08312669153948092
-0.03190796897622086,1.379438609284113
0.10365763469247365,-1.2094690266914507
0.7719915976250822,-0.3970840588969884
-1.2464836433739608,0.7461425228176961
0.0006143715047293016,-0.2946837220660406
0.18437787327376193,1.115220386146845
-0.3423521196877633,-0.41071680399049204
-0.12368890091784558,0.13905528666678937
0.958773288687924,0.6960594276574843
0.8302660727327702,1.3445716814293125
1.4782014338710945,0.26296603458492307
-1.48055926516189,-1.4741571073313122
-0.7196299989056981,-0.41638095320418916
1.0098286650611705,1.5189358150573422
-0.33817704847911456,-0.8489629847175851
-0.8592237691319454,0.46143647129181586
1.6900457221254532,1.3777929982490076
-0.8551400463274198,0.409946888847785
0.2507629292500059,-0.8389927911859972
0.9296739150574745,-0.19085746312564209
-0.8452733101222846,-0.5855279392995284
-0.05710886800610312,-0.5000237935812452
-1.1808590219486783,0.6810438379006226
-0.6329403244306561,1.4881324456940344
-0.5313654065340847,-0.1765746890196744
0.9283218352924943,1.9395876439600466
1.4417162425053067,-0.3506520725916256
0.49563431733172025,-2.122560922551876
-0.06790526652206144,1.6428675377194386
0.8960049722433339,-0.16462924720697583
0.838715532870088,-3.246306246372891
2.1830193651492102,-0.7324083355529822
0.402552730167579,-0.32878289392414967
0.7799692293647136,-0.639765572686798
-0.14032959309668627,-0.7801166846361801
-0.8462918164976178,-1.7553447345954338
0.7152827411374417,1.146323395931993
-0.8195034434216948,-1.1312003898913017
-1.7241950741341054,0.48718673979352684
1.5786295204998058,0.8964675922872892
0.9282275573510415,-0.6393950012575107
1.229858924246831,1.5501163307360493
1.0568287702917685,-1.048613454386577
-0.993452445464645,0.09675045705978208
0.26939394689864615,1.9707286295114903
2.078965266761871,-0.1961663931289189
1.0920865349383688,1.587222840421944
-1.3786741287435493,0.5181870554216068
-1.6959348779158643,0.8647589847974256
1.5872921809711447,1.1699732349472787
-0.5946679425416441,0.4141585053757289
-0.1532636044410623,0.4171201105065308
2.712940862444711,0.08331380769885689
-0.4981879632457281,-0.1704247056979663
0.5859195726274116,-0.8818128175084616
0.02152423993555591,0.18391368676534248
1.4246711944452,-0.4317484125467499
0.3876393933431615,0.8885884632394598
0.6665650460847834,0.547404320426725
-0.40473891729627254,-2.3918177462082406
-0.4609222838098916,-0.7277015698956403
0.5182711320374566,-0.6655891725908131
1.340985456894129,0.5721027761470163
0.19307664206747283,-0.9228426855869052
0.9291346699078187,0.11786830332728249
-0.8134834885997382,0.3440475267876304
1.2066464988914802,-1.4701202512177127
1.0019834444975197,-0.08618353549794283
-1.4206525416578357,1.3634927057848751
-0.0633589119442476,0.78609690575813
1.7913576420375523,-0.7923281778801702
0.22679136493835095,0.8343983281524378
0.6978524933665041,-0.1171552694314796
1.148214461025808,1.5321635087927719
0.8748057651258472,0.5908305152797696
-0.6992320011769941,0.797308977449379
-0.4596705616668128,-1.9465039184103032
-0.730257144814756,-0.07662845209192434
-0.14808245458441857,-1.1777547413217775
-0.5002383121924806,-0.3984800934317498
-0.4096430235815138,0.7558372055024513
0.6782463480853138,-2.2941851748925637
0.1322511722960998,0.5944782690748802
-1.0433033219802539,0.47631614652720833
0.2604273040756363,0.7365182301325287
1.5225887578857473,-0.3431844416540624
-0.2537345363577096,0.061409004258452485
-1.0932973907754824,-2.0879056317161897
-0.07534362054147657,-0.09319851783328266
0.26500178314182077,-0.7299313656511862
0.7075913854903975,-1.4467938453888176
-0.6692184447598627,-0.3386869429946122
-0.7218149343508269,1.2566120864390502
0.1344456402647568,0.9668100455820423
-0.11060269487635287,-0.5324073068418866
1.2555381298739883,-1.9052631278565824
1.2651145322135726,1.0918966597722553
-0.1619670477992736,0.3323991907294861
1.4450446432393107,1.660680288537288
-0.16655407403560366,-0.15484673313880584
0.6403356422011144,-0.9216726997442929
-0.4298642491396005,0.024244440994909824
-0.5547580984973858,0.7442757164038823
1.2166661570660111,1.045573275763666
0.388980999791975,0.4700198941408512
-0.42056004365335214,-0.2857158843615673
-0.4613623869789873,0.13513879426858283
-0.04009113934823131,-0.08175805700452471
1.0932133613391863,1.200833730231456
1.136868304550316,1.4830860966889858
-0.7987166956635939,0.015378293041580107
-1.0935920551644955,0.693326535633055
-0.3492073880320527,-0.7569300296661745
-1.791319841113885,-1.3294113381670236
-1.5934012602906933,1.1590103998222865
0.4072596346804236,-1.1078373972035296
0.15743107093292869,0.32561115936318524
-0.5581531018308592,-0.3032376197288903
-0.38162618208699794,0.11054543527557775
2.5062012829636564,-0.8068887206002899
-0.6656948943948069,0.18018161700992635
0.26681725886360064,0.34128340474165975
-0.09133513611643283,0.474162384116529
1.186881138531674,-0.5130637253953789
0.5793539899253731,-1.5681443249158513
0.8533400081486276,-0.37090344370946204
0.7108001303529542,-0.8179537217691267
-1.2324402223032007,-1.7672189591365697
0.9181612688721581,-1.2706527002104742
-0.060869146633734376,0.3920296439390436
0.7583509829953987,1.0692529661298316
0.8927334290228054,0.2609295833835673
-0.14802079117754696,0.05075532323365728
0.3168726229992629,0.6227871784113459
-0.6625214954701405,0.4565473240713119
-1.0176793864495943,-0.46694407727684806
0.8653873610209637,0.6553058401905982
0.3392143217965367,0.20299683996985504
-1.0377574327796313,0.40903807052495533
1.4054939324840072,0.7359337169189976
0.6448174778303102,1.1896176832615064
-0.7955209155090873,0.29744440038039105
0.9520754304725125,1.9903084787807301
-1.2046805578683806,-0.7168405864786406
-0.9665777950783473,-0.37780633234648053
-0.168969878199565,0.5671066689604641
0.6279850149526924,-1.1968798628038384
0.08315183706870245,0.08316311231496094
-0.40324645381893065,-0.3703859510835638
1.335781851559886,-0.7901785028531321
-2.013813873010521,1.4204692377558075
-0.014519869976341698,-0.004280977785320348
-0.41470311214847966,0.40120781787592075
-1.3179933528048613,0.7563720900133524
-0.3950175790753652,2.1788697712001466
1.666753222319613,1.571639104155011
1.3055925689286272,1.235694722869437
0.3216123081071118,0.5550158748743037
0.8750437266847902,-0.46855924158631157
0.2867107994356441,2.45168461601673
0.5721342749144869,-0.6611229454101604
-0.3277824180594455,-1.0751273728154622
0.27707140488040044,1.206043248418215
-1.6318242889537604,-1.3145000866731567
0.5275922931897951,0.19284461871767924
1.0211595794751793,-0.05388992046601867
1.4793674635220013,-1.5558926474452384
1.0665203050927212,1.3755663748726281
0.06907004328573674,1.1421045824247689
0.27329814837968763,0.3205782374431659
0.26843343400485825,-1.8825654665293838
0.8473162523341259,-0.835131589426396
-1.2543547096680079,0.1153237699523268
0.41308232437930953,-0.4939177560278917
2.2491352196686454,0.9013593171866254
0.18988193012305862,-0.35096889711266716
-2.3145047466329456,0.030702636747968068
-1.8445972015290875,1.650769244923216
1.8315180082736426,1.2617335965955925
0.8107553569941212,1.335949520081064
-0.8781023562021022,0.041585540584368245
1.5455185556689177,2.1216108577692983
0.7095922794638237,-1.2365048536776144
0.495163319563256,0.7230994325931243
-0.2663254468362443,-0.09845469803906898
-0.7287545925454413,-1.6780658179135677
1.1753940072663367,1.6014220280712348
0.9044721166617238,-0.6875948974696294
-0.8799756230220485,0.310866892838362
0.5778325045168499,1.5284720347432508
-1.297393519102559,-0.08857061205166644
-1.3106366206157867,-1.6253820846453493
-0.5055094979929468,0.462722883396819
1.0396001654496931,1.1590673128662226
-1.071868868173661,-0.4068543377973713
-0.8598166837888458,0.21354064682530685
1.1506737148218356,-0.7015670470204319
-0.11671422060805438,0.34438546835600814
-0.32100631137688856,-0.132367541631347
-1.5934303362811242,0.49027948145811706
0.5092704343653937,0.8023279942590368
-0.2135324829140062,-1.8260756036639876
-0.8969599110502487,0.0059371156322741685
0.12019872691574623,1.0258121862979088
1.4533038003677219,1.5415438076099834
0.6450492589396585,1.4042258530156235
-0.6987612457238853,-1.4036443192994064
-0.2640126279488302,-0.2791124320526698
1.0561875371162468,1.3289755279751305
1.9615469146945022,1.8225418353564218
0.5054157162899845,-0.273381058051739
-0.7415991556964245,-0.33059183677445053
-1.2534489557985837,-1.298589940990739
-1.182839868041706,0.4487005776569577
0.6809144528304767,-0.4138287236691964
1.8782676568862964,1.1516793680154702
2.0282023918143572,-2.8205781955056115
-0.13476547595568947,1.5033202627314373
1.1491845248149914,1.7512692408217527
-1.062038254844534,-0.983674556660477
1.328244788749664,1.1200572536510172
-0.44625063719260094,-0.8550734158621245
1.7415662931942417,1.1750894408057588
1.7464073257685744,-1.5104304816110765
1.0605639112772474,0.9882890517834435
-1.771473606298532,1.7988695042393958
0.9716805009749445,1.0859112827833777
1.527115466718618,1.0143828766898166
0.2457895911826636,0.5090913366781339
1.5676330368469635,-1.588797372700638
-0.362537958570281,-0.4436078201304622
-0.17915131745247884,-0.4465409600754014
0.4118228872186824,0.14036458989039785
-0.28329466400835235,0.6277966898883616
0.2570523346963316,-0.7282337559976728
0.9705645256483239,-0.8393948293371746
-0.29234872404831963,0.05554894397900123
-1.0070110415532911,-2.1604297696762225
-0.40399327646313865,-1.2899902549667077
0.5954008180917417,-0.37731783166928595
3.146529785114315,0.41133169233945227
0.46103750567086144,1.0510209118772786
-1.2715093631006538,-0.1904353829687592
-0.4848716603963959,0.5077311930645989
-0.8983593858321306,-0.5813242474405127
0.5792630540921164,0.4223359970948166
-1.6940817806599464,-0.9911537025437389
0.3854998035538211,0.3463642701798416
0.7940904985811699,0.006039841027007903
0.4519438357340913,-1.1542081911436717
-0.049055803158378854,-0.4582403135407468
-0.601410518821072,0.39886867582736624
-0.834264772702364,1.455419151742035
-0.7592857906603782,-1.2976478939465048
1.187970445711145,1.6988073148051872
-0.7202087050046396,1.9979729020839463
-1.832793773674142,-1.3266241127788316
-0.37707655659514916,1.9533313259460305
0.3443011262969673,0.12393119393003446
0.9913553560256781,0.9155544155864903
0.46729498930755503,-1.0495896065481758
0.18933314508623936,-0.33488081433545636
-1.3586887053583636,0.5795752782033632
1.7113354635305318,-0.7984339541150155
-1.0509688594383861,-0.9243541385378262
0.42712919335035865,1.1761335346846578
0.5293109596457797,-0.11970131530401355
1.3304633788771607,1.6857390380020991
1.8798896313590918,1.3321831376770699
0.6837365634257067,1.382303431060846
-1.1685258395068325,-0.6491984885085473
1.4409548598265525,-0.5132125020635443
-0.7038335333872524,0.6493273139372229
0.7291395332184224,1.2195518273028245
1.1173128184774523,0.3977276486172663
-1.3085865350480348,0.2517640632501374
-0.3782950287991442,-0.25024783065635986
0.6048261791599648,0.0805775536067289
0.7206255825503415,-0.2220513268733035
-0.6033252495411872,-1.77138989602194
-1.4534064011471464,0.6914859126314836
-0.514734199019851,0.15135532651883443
0.8631771227902374,1.052149514713508
0.20556852449996096,1.0684548264819254
0.6937312797990103,-1.3522077559001875
0.4022806245327964,0.056647832050720076
2.6646849918581506,-0.9759672319612184
-1.044807256402573,-0.8243847550899687
1.7275589937309361,1.6160585028272436
1.3219554022203523,1.3957783462625322
1.718913450618142,0.32192994087523447
0.3858731626299381,1.5443184899800326
0.4702936815460336,0.2305673505310488
-0.04760110599542115,0.6507454415097929
0.05869064724866284,0.7190983053172677
1.5091244084516942,0.4631264641062286
1.6879174365277017,1.617932884306648
1.5694538547143067,1.5793934887028471
-0.780673166218536,0.38233702236476075
-0.666147223127455,0.712562564497793
-0.8630633923411584,0.9913657295858301
0.4752883297677596,-1.407950072781631
1.1234741589634507,-0.18468918133104198
1.268604283268888,-0.9730908118436187
-2.137645012415417,0.8399057132220066
1.0346136722701331,0.4069060288630351
-0.6139742723604781,-1.5119374728541952
-0.9983644934892116,-0.5500339597298011
1.3478621436024734,1.2207631362806821
0.06992170519564454,1.024965151159746
-0.6191310788759381,2.369791564808072
-1.2974861351102691,-0.8936049091639688
-0.8511406699285202,-0.6931306670505145
-0.9563311269142563,-0.6010138305608113
-0.06123552442398553,0.728922525301662
1.714048984153741,-0.5787493929021025
0.8136303003679407,-0.7040985743431725
-0.1010072148019913,0.9018489684508791
-0.05327255342109461,-0.06626632387370565
1.2390859192066495,1.5341668499107468
1.3701162905000333,1.226706218711606
-0.41465226639613484,-1.416640279955519
1.657283451574572,1.2626628942195284
-0.7159337802747838,1.7712875074866745
0.04924193104239299,-0.7594511647327752
-0.6776068439267287,-0.6804065248111971
-0.6642467844717166,-0.15323469921633093
-0.2870285950117244,-0.8254936877467083
0.11661904139770794,0.7321262857648659
0.1238099994895705,-0.5946535565010546
0.5080293411190419,0.5458567539872902
1.1600545165134033,1.6026633930439937
1.3752156145513914,1.2873404434158129
0.5737527021561336,0.7475267110997081
-0.029918749597061825,0.21644146569587383
0.7378617285743317,1.2089096745395154
1.3192166043301656,1.5579266219214074
0.7962291717759069,-2.132892274643672
-1.096883992733497,-0.9055109691596341
0.7696235731820613,-0.8537792266608548
-0.668222094272586,-0.2696355838772656
-0.19881894038766493,0.20498919324978937
0.05477204749512373,-0.7657313792083456
-0.07536414149901091,-1.683411267895305
-0.52103236803053,2.2505106779214383
-0.7564847078329848,-1.2189196910334206
0.9181866761202698,-1.063031558703425
0.022017555743921672,0.4886436049790791
-0.28069041272360373,-0.4853031778658953
-0.26726223060504917,-0.9022878527500728
-0.7297043441235189,-0.6013177269107025
-1.1978953743681888,0.584366592102913
-1.6310047493699562,-1.1796849591547336
-0.21827079409338793,-0.700675792509739
1.1714983107860886,-0.37303637818639634
0.5718624801704213,-0.6466710070558032
-0.05943319326927332,0.18512998736029856
1.0140927174179588,1.5097494705769612
0.22108620144031543,0.0966088823427584
0.6996068547155434,-0.4855029383195873
0.38692119803808045,0.5036507455920168
1.7306853258644659,1.145654605581011
-1.302872533142785,0.08018357753624734
-0.8349532280872614,0.09600398392634368
-0.2665656139695244,0.3704586376406451
-1.0485576767060594,0.6821111148738191
-0.6605520237416922,-0.19496536137816917
-0.00875357001954966,0.4812421560327804
1.314419488385635,-0.5311242364352635
1.928296692621303,1.347733163487352
-0.33307489304911203,-0.07532915001518456
2.6206280106902806,0.5001252423822699
-0.7494319436214312,0.19680247381195226
-0.6508471594038486,0.03182700132346346
1.1145454939292163,0.7284662482373259
0.49101624385512654,-2.680001320885521
0.9804433932322774,-0.3180019926626915
1.4395917076006441,1.2705140180808916
0.7579968636841995,0.8210658879574251
-2.0599799562382533,1.384595212246126
1.8889148327706584,0.22696388025895284
1.3084972684271745,2.0277658612412592
1.5064215267898542,-0.4215027273776177
-0.678539454264632,-1.4057616359942182
0.01020994705153298,0.3089978864493213
0.016012084844336846,-0.4820417620361109
0.3748341908216264,-0.5845564964388067
-2.112367963431317,0.9898323000521282
1.6832490800939741,-1.0189516938789074
-1.2961920803047293,-1.908473466495706
-0.6793935977816428,1.4195045660779497
-2.060900321525587,0.6723462392999973
0.7355314384244523,0.8165569928892902
0.05427624311167806,-0.682089304505752
2.373812840381602,-0.8750651955688513
0.3220128296559084,-0.9818169897938538
1.3398478733807129,0.38499082856794126
0.2018080179826144,-1.2333751204272663
1.6076448109740227,1.3622515299431879
1.4894347857039099,0.08800926721307421
-0.9183937763353284,1.4282062812193348
0.9683998786011794,0.2846133304251381
1.2936433494155237,0.9148739134870701
-0.6301765292180777,0.8353540504788297
1.4091500087947506,1.4822808958084104
0.8351475667063776,-1.3513447449064546
-0.4449635709454417,-0.22549924286994918
-1.506874895037168,0.610297058000297
0.006151695570012112,-0.8398450219461951
0.4195951515332616,-0.7533041887432791
-1.1509122772506586,0.8439039582974353
-1.3102924849551398,0.5908499893735873
-0.3062478049680211,0.21722752047101446
0.26305341016497014,-0.37199038754662334
0.8172265836360519,1.8068259217878646
1.3581557341108579,1.4440374057519874
0.6079598909895618,-0.7269047745145637
-0.26163092680032135,0.0367953740829702
1.1827837567775465,0.4337786768496399
-0.6522878102001104,0.7829958329174758
-0.0018480011311625784,0.09656371356144428
0.36551182228988327,2.267565111667373
1.2906312474560904,0.33450791234585087
1.6057925373029907,0.8676774858817166
-0.1656984568261992,-0.5324862521459885
-0.7567829674592297,0.07953849410793828
-0.4023045255150846,-1.5139184435551474
-1.325242622439887,0.18395824159093477
-0.03257637842767166,-0.5969398767915393
0.34368500131259344,0.4567220316466215
-0.2585384139979038,-2.0093996492286097
0.6235684895214175,-0.24784175159670485
-0.11634450226741685,-0.4585761307412045
-0.7858899863347923,-0.41565217368264185
-1.1036643025720378,-0.33270699160789347
1.499574235836961,1.1591174528410049
-1.675931444650603,-0.6626357432194487
-0.17314848961697993,-0.7996539593566212
2.3029451473833475,0.7020778912716794
1.1283852186197347,0.840154034152016
0.004670886973120429,-0.5638581908832508
-0.39696584623432724,-0.5480100805378096
-1.2478196088741231,1.8918424201113118
-0.305798555816874,-0.7150409768405631
-0.30124571861229826,0.1471026605395836
-0.5454145351345661,1.2273252112557214
1.879547485816425,-0.19345242529918505
-1.4718738633212494,-0.6268823966571538
-0.4043196566043731,1.0471355205944282
0.1240149153200094,0.5942102753186169
0.9667087684299378,1.0976670479924269
0.2728070904997441,-0.11560879399834537
-0.6424620243424971,-0.8675920812837715
0.9897632219052513,0.0647478319041189
-1.910093541122071,0.1022216294916592
0.5244613677746539,0.7525169943404705
-0.5124598851642209,0.6516287771137772
-1.0822569600905854,1.748416641402047
0.6451625705328762,0.672993695948371
1.7577365069707651,1.6681478392674614
0.16495782124368694,-0.4879217558625876
-0.2994686052430796,0.3382605889429847
-0.36713968418496545,0.7605939724979834
-1.074990156478563,1.9477110712526402
-0.782535264877273,-0.3120364301446091
-1.271903132752701,0.03285048889781881
1.8514900505801233,1.2899558641478874
-1.4685760673581005,-0.54975225979935
1.895474018817268,-0.8487750080999061
-0.23697485456491654,-0.702293651968799
-1.0471105658623188,-0.33229024538804475
0.9590334314894143,-0.7312128835067235
0.25397465607757785,0.031408444553240836
1.136842213030237,1.1550968899901692
0.21964632031339126,-0.3516113269392216
0.4728437964130451,0.269677152000152
0.16678194082680473,-0.6552064126294415
1.7099216501069086,-1.7875798471578084
0.3918254935598137,0.06814133163225805
-0.698380465646752,0.6433588357091309
-0.5764508235177226,-0.8777760537393743
1.0730609299236284,-0.037968891127715586
0.08109866021898289,-2.1443669631028026
1.0102176679608108,-1.2680428899925715
-0.012511529339967055,-1.4667679027450211
1.7811396278604574,-0.1956022694912839
0.2003730955223301,-1.1979142300914607
0.96752171236057,0.5741497501906082
-0.49383965033920624,-0.9897344357920763
-0.6050910655774949,0.8646353978311635
-0.12203326764632871,0.1900855651464509
-0.9518360451965743,-0.0987055017685583
1.3908785782550472,1.8955818483988849
0.8373873775490921,-0.6166383070209515
-0.5365369124971682,1.2311813518261303
0.6350487807894368,1.048739039329257
0.043150007871630036,0.7979600938715985
1.7726156734027771,-2.8947643925474593
1.7571511120376477,-0.11617287734240757
0.2743156168258369,-0.23181147856835063
1.2450668956271984,1.5038020477704255
-0.8125705028579475,-0.4470960371065485
2.142442026380459,0.8905159444214422
-0.9218063425602901,-0.71714862959103
-1.2470106037707667,-0.4773834687287741
0.8037367902927597,1.1928926963814566
1.4898094495364484,1.2432966154106126
-0.2699347664333002,1.2265258295711907
1.9224917476899674,1.5767384158023643
1.1574041729607565,-1.0662654984125812
0.23648538864877197,0.4923147490537351
-0.039754013878096336,-0.635529135316654
0.8305401154034062,-0.9228240697333853
-0.3457318102126461,1.1494719833951275
-1.5144363457229766,1.5736704867357225
-0.5032988403313916,0.5339160987588947
-1.573131833492803,-0.18844277544666763
1.3199321678709102,1.2467902266890227
-1.3034689710921001,1.9929849899382293
-0.88122184501318,-0.012526700262234083
-0.5444590891474552,-0.33582450273362624
0.9514146678932406,0.9299001187598644
-0.4678378781379048,0.38896052409495263
0.8209294953148913,0.8820171436611244
0.024014062384282914,0.2581754771069065
-0.2941010519793361,-1.141257615995397
-1.335716964635475,-1.888387354677723
1.8743960711115304,1.2726754205261956
0.25337581468130654,1.5529030461030855
0.5536811291184363,0.012752974468291938
-0.6385242715743228,1.2951268237858957
1.610550596025416,1.4568234458625329
1.8750507676937622,0.33586267561846855
0.8850287305522034,-0.30241956211143817
0.7292314332514211,-0.24082454955323365
-0.5543479448204146,-0.09203238558141104
1.107872103715653,1.2416109557819437
-1.1881940040151104,1.441572970987331
0.8668309192708669,1.4344985562647987
-1.0168302245489997,-0.46593283092959675
0.5268281522932384,1.260356853681158
1.4503295615413263,-0.17699331586158218
0.9238593215048168,-1.3331806878762742
-0.40350247245406323,-1.0255991947781666
-0.8045165713576552,0.695654793099187
-1.1824377507252901,-2.7713711785636015
1.246483703382612,0.9093165915559361
-0.3699385546706746,0.26064049246310667
-0.8069091412979993,0.09574831979196839
0.25368593105174997,-1.0189025688017808
0.2636229375659201,-0.49537608774810576
0.11529487164544423,-0.6236707314272945
0.5543217089842445,-1.33219758688178
1.7107901624946893,-1.3047957696516033
0.026905052462156114,0.020815252942961434
0.8678560828869817,2.0795285717436394
1.242961019924916,-1.5529621057336438
-0.4488827776486287,-1.0741476484768584
-0.29792998113804137,-0.013207681098581765
0.5034809155767092,1.6005537953297144
1.1658752074012408,1.5385383133926012
0.813486946129475,1.159810383053438
-0.15314637232273448,0.09680141502238031
-0.09162481261571218,1.6758928070756514
0.2465071208172192,-0.2110219074690634
1.287775971124128,1.0851106407313094
-0.8582989523643514,-0.5758457690841462
0.7590812040570374,-0.5432168279525298
1.7885057725656583,1.4425727109958946
1.1847637956055197,1.0308443329918473
1.817595176802212,1.3138073118956917
-1.3337754535406041,-0.7379830676935397
-0.030469868368352433,-0.29825317501302345
-0.6250464411086252,1.538569704712586
1.5456992992900653,-0.43562262225959425
-0.13574057370385958,-1.6120864218263466
0.6045148614519046,-0.4910089346876822
1.781961891032639,-2.5197045937735334
-0.46375290276324593,-0.19813638238137965
0.48263593564766843,-1.9364777659334482
1.4350123066205454,1.6507477281418816
-0.13344937715827815,0.3030326141407914
-1.0055187602186504,-1.6609547142663006
1.1261123661250418,1.4812961115740368
-0.27556168843263895,0.12025870973963598
-0.329079125448965,-0.04221426435491495
-2.2380783562077236,-1.3945341276002932
1.4481057684871717,1.2458046321628706
-1.2598701748339036,1.303085139871371
1.6657315071950873,1.8692789988072471
-0.26621596317713375,-0.5887196248345179
-1.2625488890011056,-0.0016148252615225535
2.1393788414056267,0.16145054495811348
0.4404429478515728,-0.13601431018759416
0.5387038490142676,0.9010170259263651
0.5102084842958796,-0.8511249664529384
0.001571595574987068,-0.7065803617237237
-1.1162541075960866,0.03675407111743245
-0.31538873503286846,1.4820212731589502
0.33319329804192044,0.890830984451312
-0.2637142242073091,1.104013314227056
-0.8950842953172341,-0.831631708836656
-0.0037883725723572848,1.6103860713162532
1.7329399670691035,-0.5426495617702912
0.029229054303403956,-1.1931678775785899
1.488967415132291,0.5615063130348894
-0.05904869717514938,0.7069909429174761
0.1407904070206337,-0.36540113809643704
-0.3137725694156074,-0.4980108823757885
-1.3441091777277896,0.8798725909838577
-0.048238116161694385,-0.24767474037794504
0.2042018694398022,-1.3629396789845256
2.096272216165424,1.305812888335146
0.08829195990228426,-1.308076331765136
-0.17167928559669438,-0.5904483273359575
2.102156377941454,1.6269165737987812
-0.5247175567903878,-0.48508148506551396
1.965259328644723,0.42656144276325697
1.3433068150746212,1.1108009795667761
-0.7831909062724605,-0.13268610470840878
1.1996689707788621,-0.10760538039403744
-0.7524088807843393,1.0867992254412377
0.6943259637811745,0.10713114130036316
1.338192845513946,2.069692613494149
-0.3716946295587378,-0.9597865816063564
0.2418781332791008,-0.7573781407588572
-0.09026590940168458,0.027875525120709215
-0.3687564927206233,-2.1073683342081173
-0.7078568032018651,-1.2879218953898592
1.289216040599307,-0.5435844430227842
2.5260721751382587,0.4220588756624356
-0.5399692854003781,0.4162800233407135
1.0982989581895968,0.32087213984288987
-0.9223738323260362,-0.3798110704538033
-0.30939976030551164,-0.10707036261165784
1.3532815816156023,0.18884150772954517
0.4855229005660878,0.11000818419836286
2.275799069900117,0.5746482929278006
1.6606861729281435,2.0012684120798485
1.4718938533873351,1.451409844555735
1.6097411835030107,1.6419063455540694
0.900572153087995,1.7289014166185606
1.6987176550913765,1.2060568257413002
0.1892966120890804,0.1804716899125412
1.634958894977799,-0.5078763147115782
0.9344911998417744,1.0085164112967786
-1.7386089827710867,-0.5318761988243949
-0.7823095246705459,1.3564448522009769
0.6794589484697793,-0.46916393586746563
