{
    "auc_1": 0.99,
    "bac_1": 0.91,
    "auc_2": 0.31,
    "bac_2": 0.5,
    "auc_3": 0.2,
    "bac_3": 0.45,
    "auc_4": 0.86,
    "bac_4": 0.47,
    "auc_5": 0.78,
    "bac_5": 0.5,
    "auc_6": 0.21,
    "bac_6": 0.49,
    "auc_7": 0.66,
    "bac_7": 0.5,
    "auc_8": 0.83,
    "bac_8": 0.5,
    "auc_9": 0.63,
    "bac_9": 0.51,
    "auc_10": 0.39,
    "bac_10": 0.5,
    "auc_11": 0.72,
    "bac_11": 0.5,
    "auc_12": 0.73,
    "bac_12": 0.5,
    "auc_13": 0.65,
    "bac_13": 0.51,
    "auc_14": 0.29,
    "bac_14": 0.51,
    "auc_15": 0.75,
    "bac_15": 0.69,
    "auc_16": 0.68,
    "bac_16": 0.57,
    "auc": 0.6,
    "bac": 0.54
}